{"answer":{"items":[{"locality_guid":null,"kind":"province","lon":37.617698,"display_name":"Россия, Москва","name":"Москва","guid":"1d1463ae-c80f-4d19-9331-a1b68a85b553","region_name":"Москва","id":2299,"lc_lat":55.142226,"uc_lon":37.967799,"region_guid":"1d1463ae-c80f-4d19-9331-a1b68a85b553","lat":55.755864,"parents":[1,541]},{"locality_guid":"77fa5072-181d-4264-97be-02498a8f0d5d","kind":"locality","lon":44.512187,"display_name":"Россия, Нижегородская область, Лукояновский муниципальный район, Новая Москва","name":"Новая Москва","guid":"77fa5072-181d-4264-97be-02498a8f0d5d","region_name":"Нижегородская область","id":47651815,"lc_lat":54.862036,"uc_lon":44.524117,"region_guid":"337d596e-3bc2-4d88-ab23-5e73e09268d0","lat":54.866228,"parents":[1,832,8886,42010461]},{"locality_guid":"44591460-ff6e-484b-8810-e32096d153f9","kind":"locality","lon":55.86271,"display_name":"Россия, Пермский край, Пермский район, Москвята","name":"Москвята","guid":"44591460-ff6e-484b-8810-e32096d153f9","region_name":"Пермский край","id":300016638,"lc_lat":57.915746,"uc_lon":55.865551,"region_guid":"cda7d78f-ae63-4e6a-9065-2d01e2ec8a3c","lat":57.916741,"parents":[1,832,42877,300000829]},{"locality_guid":"0b2cacc5-b83b-413c-aeaf-da906cc80572","kind":"locality","lon":37.121104,"display_name":"Россия, Москва, АИЗ ГУВД г. Москвы","name":"АИЗ ГУВД г. Москвы","guid":"0b2cacc5-b83b-413c-aeaf-da906cc80572","region_name":"Москва","id":300030391,"lc_lat":55.52935,"uc_lon":37.124401,"region_guid":"1d1463ae-c80f-4d19-9331-a1b68a85b553","lat":55.530826,"parents":[1,541,2299]},{"locality_guid":"29076437-6558-42d0-924e-815d3fcec4a3","kind":"locality","lon":40.170854,"display_name":"Россия, Краснодарский край, Тихорецкий район, x. Москальчук","name":"Москальчук","guid":"29076437-6558-42d0-924e-815d3fcec4a3","region_name":"Краснодарский край","id":39786001,"lc_lat":45.782089,"uc_lon":40.183826,"region_guid":"25a8b02a-a308-4cb2-bbba-b31592b66046","lat":45.784213,"parents":[1,416,758,54659,34047099]},{"locality_guid":"358fb2df-449e-40c7-84c7-dc0ca8321d15","kind":"locality","lon":48.789484,"display_name":"Россия, Республика Татарстан, Верхнеуслонский район, Пустые Моркваши","name":"Пустые Моркваши","guid":"358fb2df-449e-40c7-84c7-dc0ca8321d15","region_name":"Республика Татарстан (Татарстан)","id":300015608,"lc_lat":55.776612,"uc_lon":48.792744,"region_guid":"6c86b638-ff05-49be-a3a2-83d868611524","lat":55.780899,"parents":[1,832,1959,25790]}]},"errors":[],"success":true}